State,District,Market,Commodity,Variety,Min_Price,Max_Price,Modal_Price,Arrival_Date
Maharashtra,Mumbai,Vashi,Tomato,Local,25,50,38,01/01/2026
Maharashtra,Mumbai,Vashi,Onion,Red,15,30,22,01/01/2026
Maharashtra,Mumbai,Vashi,Potato,Jyoti,12,22,17,01/01/2026
Maharashtra,Mumbai,Vashi,Banana,Robusta,18,35,26,01/01/2026
Maharashtra,Mumbai,Vashi,Apple,Shimla,115,175,145,01/01/2026
Maharashtra,Mumbai,Vashi,Spinach,Local,8,18,13,01/01/2026
Maharashtra,Mumbai,Vashi,Carrot,Local,18,32,25,01/01/2026
Maharashtra,Mumbai,Vashi,Capsicum,Green,28,48,38,01/01/2026
Maharashtra,Pune,Pune,Tomato,Local,22,48,35,01/01/2026
Maharashtra,Pune,Pune,Onion,Red,14,32,23,01/01/2026
Maharashtra,Nashik,Nashik,Grapes,Thompson,55,85,70,01/01/2026
Maharashtra,Nashik,Nashik,Onion,Red,16,36,26,01/01/2026
Maharashtra,Mumbai,Vashi,Tomato,Local,28,52,40,15/01/2026
Maharashtra,Mumbai,Vashi,Onion,Red,16,32,24,15/01/2026
Maharashtra,Mumbai,Vashi,Potato,Jyoti,13,23,18,15/01/2026
Maharashtra,Mumbai,Vashi,Banana,Robusta,20,38,29,15/01/2026
Maharashtra,Mumbai,Vashi,Apple,Shimla,118,178,148,15/01/2026
Maharashtra,Mumbai,Vashi,Spinach,Local,9,19,14,15/01/2026
Maharashtra,Mumbai,Vashi,Carrot,Local,20,34,27,15/01/2026
Maharashtra,Mumbai,Vashi,Capsicum,Green,30,50,40,15/01/2026
Maharashtra,Pune,Pune,Tomato,Local,25,50,38,15/01/2026
Maharashtra,Pune,Pune,Onion,Red,15,33,24,15/01/2026
Maharashtra,Nashik,Nashik,Grapes,Thompson,58,88,73,15/01/2026
Maharashtra,Ratnagiri,Ratnagiri,Mango,Alphonso,95,145,120,15/01/2026
Maharashtra,Mumbai,Vashi,Tomato,Local,30,55,42,01/02/2026
Maharashtra,Mumbai,Vashi,Onion,Red,18,35,26,01/02/2026
Maharashtra,Mumbai,Vashi,Potato,Jyoti,14,24,19,01/02/2026
Maharashtra,Mumbai,Vashi,Banana,Robusta,22,40,31,01/02/2026
Maharashtra,Mumbai,Vashi,Apple,Shimla,120,180,150,01/02/2026
Maharashtra,Mumbai,Vashi,Spinach,Local,10,20,15,01/02/2026
Maharashtra,Mumbai,Vashi,Carrot,Local,22,36,29,01/02/2026
Maharashtra,Mumbai,Vashi,Capsicum,Green,32,52,42,01/02/2026
Maharashtra,Pune,Pune,Tomato,Local,28,52,40,01/02/2026
Maharashtra,Pune,Pune,Onion,Red,16,35,25,01/02/2026
Maharashtra,Nashik,Nashik,Grapes,Thompson,60,90,75,01/02/2026
Maharashtra,Nashik,Nashik,Onion,Red,17,37,27,01/02/2026
Maharashtra,Ratnagiri,Ratnagiri,Mango,Alphonso,100,150,125,01/02/2026
Maharashtra,Nagpur,Nagpur,Orange,Nagpur,38,75,56,01/02/2026
Maharashtra,Mumbai,Vashi,Tomato,Local,32,58,45,15/02/2026
Maharashtra,Mumbai,Vashi,Onion,Red,19,37,28,15/02/2026
Maharashtra,Mumbai,Vashi,Potato,Jyoti,15,25,20,15/02/2026
Maharashtra,Mumbai,Vashi,Banana,Robusta,24,42,33,15/02/2026
Maharashtra,Mumbai,Vashi,Apple,Shimla,122,182,152,15/02/2026
Maharashtra,Mumbai,Vashi,Spinach,Local,11,21,16,15/02/2026
Maharashtra,Mumbai,Vashi,Carrot,Local,24,38,31,15/02/2026
Maharashtra,Mumbai,Vashi,Capsicum,Green,34,54,44,15/02/2026
Maharashtra,Pune,Pune,Tomato,Local,30,54,42,15/02/2026
Maharashtra,Pune,Pune,Onion,Red,17,36,26,15/02/2026
Maharashtra,Nashik,Nashik,Grapes,Thompson,62,92,77,15/02/2026
Maharashtra,Ratnagiri,Ratnagiri,Mango,Alphonso,105,155,130,15/02/2026
Maharashtra,Mumbai,Vashi,Tomato,Local,35,60,47,01/03/2026
Maharashtra,Mumbai,Vashi,Onion,Red,20,38,29,01/03/2026
Maharashtra,Mumbai,Vashi,Potato,Jyoti,15,25,20,01/03/2026
Maharashtra,Mumbai,Vashi,Banana,Robusta,25,43,34,01/03/2026
Maharashtra,Mumbai,Vashi,Apple,Shimla,125,185,155,01/03/2026
Maharashtra,Mumbai,Vashi,Spinach,Local,12,22,17,01/03/2026
Maharashtra,Mumbai,Vashi,Carrot,Local,25,40,32,01/03/2026
Maharashtra,Mumbai,Vashi,Capsicum,Green,35,55,45,01/03/2026
Maharashtra,Pune,Pune,Tomato,Local,32,56,44,01/03/2026
Maharashtra,Pune,Pune,Onion,Red,18,37,27,01/03/2026
Maharashtra,Nashik,Nashik,Grapes,Thompson,63,93,78,01/03/2026
Maharashtra,Nashik,Nashik,Onion,Red,19,39,29,01/03/2026
Maharashtra,Ratnagiri,Ratnagiri,Mango,Alphonso,108,158,133,01/03/2026
Maharashtra,Nagpur,Nagpur,Orange,Nagpur,42,80,61,01/03/2026
Maharashtra,Mumbai,Vashi,Tomato,Local,30,58,44,13/03/2026
Maharashtra,Mumbai,Vashi,Onion,Red,18,36,27,13/03/2026
Maharashtra,Mumbai,Vashi,Potato,Jyoti,14,24,19,13/03/2026
Maharashtra,Mumbai,Vashi,Banana,Robusta,22,42,32,13/03/2026
Maharashtra,Mumbai,Vashi,Apple,Shimla,120,182,151,13/03/2026
Maharashtra,Mumbai,Vashi,Spinach,Local,10,20,15,13/03/2026
Maharashtra,Mumbai,Vashi,Carrot,Local,22,38,30,13/03/2026
Maharashtra,Mumbai,Vashi,Capsicum,Green,32,54,43,13/03/2026
Maharashtra,Pune,Pune,Tomato,Local,28,54,41,13/03/2026
Maharashtra,Pune,Pune,Onion,Red,16,35,25,13/03/2026
Maharashtra,Nashik,Nashik,Grapes,Thompson,60,92,76,13/03/2026
Maharashtra,Nashik,Nashik,Onion,Red,18,38,28,13/03/2026
Maharashtra,Ratnagiri,Ratnagiri,Mango,Alphonso,105,155,130,13/03/2026
Maharashtra,Nagpur,Nagpur,Orange,Nagpur,40,78,59,13/03/2026
Maharashtra,Mumbai,Vashi,Rice,Basmati,78,118,98,13/03/2026
Maharashtra,Mumbai,Vashi,Wheat,Local,24,34,29,13/03/2026
Maharashtra,Mumbai,Vashi,Toor Dal,Local,108,128,118,13/03/2026
Maharashtra,Mumbai,Vashi,Moong Dal,Local,68,88,78,13/03/2026
Maharashtra,Mumbai,Vashi,Chana Dal,Local,83,103,93,13/03/2026
Maharashtra,Mumbai,Vashi,Coriander,Local,8,18,13,13/03/2026
Maharashtra,Mumbai,Vashi,Turmeric,Local,33,53,43,13/03/2026
Maharashtra,Mumbai,Vashi,Green Peas,Local,33,53,43,13/03/2026
Maharashtra,Mumbai,Vashi,Cauliflower,Local,18,38,28,13/03/2026
Maharashtra,Mumbai,Vashi,Cabbage,Local,8,18,13,13/03/2026
Maharashtra,Mumbai,Vashi,Bitter Gourd,Local,25,45,35,13/03/2026
Maharashtra,Mumbai,Vashi,Lady Finger,Local,18,32,25,13/03/2026
Maharashtra,Mumbai,Vashi,Beetroot,Local,22,38,30,13/03/2026
Maharashtra,Mumbai,Vashi,Drumstick,Local,15,30,22,13/03/2026
Maharashtra,Mumbai,Vashi,Brinjal,Local,15,28,21,13/03/2026
Maharashtra,Mumbai,Vashi,Coconut,Local,30,50,40,13/03/2026
Maharashtra,Mumbai,Vashi,Papaya,Local,20,40,30,13/03/2026
Maharashtra,Mumbai,Vashi,Guava,Local,25,45,35,13/03/2026
Maharashtra,Mumbai,Vashi,Pomegranate,Local,60,100,80,13/03/2026
Maharashtra,Mumbai,Vashi,Watermelon,Local,15,30,22,13/03/2026
Maharashtra,Mumbai,Vashi,Pineapple,Local,35,60,47,13/03/2026
